hardware_id,cpu_cores,ram_gb,max_watts,estado
HW001,64,32,800,activo
HW002,32,64,800,activo
HW003,32,32,600,activo
HW004,64,64,800,activo
HW005,64,128,600,activo
HW006,32,128,450,activo
HW007,32,64,600,activo
HW008,64,64,800,activo
HW009,32,32,800,activo
HW010,16,64,600,activo
HW011,16,128,450,activo
HW012,32,64,450,activo
HW013,32,32,450,activo
HW014,32,32,600,activo
HW015,32,64,600,activo
HW016,32,128,600,activo
HW017,32,64,800,activo
HW018,16,128,800,activo
HW019,32,128,600,activo
HW020,32,64,600,activo
HW021,32,64,450,activo
HW022,32,32,600,activo
HW023,32,64,800,activo
HW024,16,128,600,activo
HW025,64,64,800,activo
HW026,32,64,450,activo
HW027,64,32,800,activo
HW028,64,64,600,activo
HW029,64,128,600,activo
HW030,32,64,800,activo
HW031,64,128,450,activo
HW032,32,32,800,activo
HW033,16,32,600,activo
HW034,64,64,450,activo
HW035,64,32,600,activo
HW036,16,128,450,activo
HW037,32,64,450,activo
HW038,16,32,800,activo
HW039,16,128,450,activo
HW040,32,64,450,activo
HW041,16,128,450,activo
HW042,32,32,800,activo
HW043,64,64,450,activo
HW044,16,32,800,activo
HW045,32,32,600,activo
HW046,32,128,800,activo
HW047,64,128,800,activo
HW048,64,32,600,activo
HW049,64,64,600,activo
HW050,64,64,600,activo
